frame_index,game_time,event_ms,update_ms,render_ms,frame_ms,entity_ms,controller_ms,physics_ms,auto_aim_ms,rules_ms,sentry_ms
1,0.028,0.013,1.550,24.950,26.514,0.100,0.209,0.566,0.412,0.152,0.006
2,0.056,0.260,2.115,27.086,29.463,0.077,0.259,0.610,0.043,1.045,0.004
3,0.086,0.023,0.946,25.080,26.049,0.058,0.187,0.483,0.036,0.115,0.004
4,0.112,0.012,1.155,25.297,26.464,0.055,0.167,0.442,0.031,0.395,0.004
5,0.138,0.017,0.980,25.424,26.422,0.067,0.188,0.475,0.038,0.129,0.004
6,0.165,0.011,1.154,25.995,27.161,0.057,0.174,0.449,0.033,0.373,0.004
7,0.192,0.012,0.907,25.292,26.212,0.056,0.178,0.449,0.034,0.115,0.004
8,0.218,0.126,1.129,27.579,28.834,0.054,0.168,0.427,0.030,0.390,0.004
9,0.247,0.389,1.118,25.828,27.336,0.070,0.215,0.587,0.032,0.128,0.004
10,0.274,0.115,1.623,29.759,31.498,0.090,0.208,0.679,0.042,0.522,0.005
11,0.306,0.176,1.066,29.641,30.884,0.064,0.231,0.526,0.038,0.140,0.004
12,0.337,0.277,1.246,26.313,27.836,0.055,0.181,0.526,0.037,0.381,0.004
13,0.365,0.259,1.000,25.432,26.692,0.054,0.178,0.529,0.036,0.138,0.004
14,0.391,0.197,1.286,27.405,28.889,0.052,0.154,0.558,0.034,0.427,0.005
15,0.420,0.247,0.916,27.072,28.236,0.054,0.162,0.478,0.031,0.134,0.004
16,0.449,0.278,1.142,25.646,27.067,0.057,0.162,0.454,0.033,0.370,0.004
17,0.476,0.226,1.002,26.670,27.898,0.064,0.194,0.526,0.033,0.120,0.004
18,0.504,0.147,1.179,26.999,28.325,0.054,0.163,0.489,0.034,0.380,0.004
19,0.532,0.262,0.897,25.228,26.388,0.056,0.168,0.464,0.034,0.114,0.004
20,0.558,0.204,1.315,26.242,27.762,0.063,0.189,0.570,0.035,0.392,0.004
21,0.586,0.230,0.926,27.043,28.199,0.052,0.164,0.488,0.036,0.128,0.004
22,0.614,0.272,1.120,25.205,26.597,0.056,0.159,0.434,0.031,0.375,0.003
23,0.641,0.211,0.819,25.010,26.040,0.052,0.156,0.417,0.029,0.109,0.003
24,0.667,0.096,1.066,26.071,27.232,0.053,0.158,0.420,0.030,0.350,0.004
25,0.694,0.138,0.914,26.445,27.498,0.062,0.193,0.454,0.032,0.110,0.003
26,0.722,0.104,1.097,26.854,28.056,0.052,0.157,0.431,0.031,0.372,0.004
27,0.750,0.037,0.853,30.784,31.674,0.056,0.166,0.425,0.032,0.110,0.004
28,0.781,0.011,1.137,26.605,27.754,0.057,0.171,0.452,0.032,0.358,0.004
29,0.809,0.011,0.905,27.028,27.945,0.055,0.165,0.463,0.034,0.133,0.003
30,0.837,0.011,1.152,26.672,27.836,0.057,0.180,0.441,0.037,0.375,0.003
31,0.865,0.111,0.842,24.830,25.783,0.054,0.162,0.427,0.030,0.110,0.003
32,0.891,0.196,1.229,25.638,27.064,0.053,0.189,0.498,0.032,0.400,0.004
33,0.918,0.231,0.836,26.749,27.815,0.053,0.153,0.416,0.029,0.125,0.003
34,0.946,0.305,1.338,26.209,27.853,0.060,0.187,0.591,0.036,0.400,0.003
35,0.974,0.265,0.930,27.632,28.828,0.061,0.197,0.462,0.030,0.116,0.004
36,1.002,0.275,1.144,26.978,28.397,0.059,0.169,0.439,0.032,0.384,0.004
37,1.031,0.097,0.868,27.094,28.059,0.055,0.164,0.444,0.030,0.116,0.004
38,1.059,0.095,1.135,26.936,28.167,0.054,0.162,0.457,0.035,0.370,0.003
39,1.087,0.039,0.961,28.314,29.314,0.056,0.213,0.464,0.038,0.120,0.004
40,1.116,0.099,1.166,27.271,28.536,0.060,0.170,0.460,0.033,0.380,0.003
41,1.145,0.172,0.916,29.209,30.297,0.056,0.167,0.465,0.035,0.132,0.004
42,1.175,0.030,1.188,27.589,28.807,0.061,0.183,0.472,0.032,0.372,0.004
43,1.204,0.011,1.018,28.707,29.736,0.057,0.177,0.475,0.043,0.198,0.006
44,1.234,0.013,1.146,28.764,29.923,0.057,0.180,0.447,0.032,0.365,0.004
45,1.264,0.014,1.337,28.474,29.826,0.081,0.266,0.750,0.031,0.119,0.003
46,1.294,0.023,1.142,27.549,28.715,0.056,0.179,0.443,0.032,0.367,0.003
47,1.322,0.012,0.997,27.363,28.372,0.070,0.189,0.476,0.034,0.154,0.005
48,1.351,0.010,1.200,27.789,29.000,0.054,0.176,0.484,0.036,0.390,0.004
49,1.380,0.012,0.895,30.014,30.921,0.059,0.174,0.453,0.033,0.113,0.004
50,1.411,0.163,1.133,27.627,28.924,0.056,0.162,0.439,0.031,0.387,0.003
51,1.440,0.320,1.018,27.002,28.340,0.056,0.191,0.537,0.036,0.134,0.005
52,1.468,0.270,1.144,28.629,30.043,0.056,0.164,0.430,0.030,0.375,0.004
53,1.498,0.324,0.961,30.376,31.661,0.058,0.174,0.513,0.031,0.114,0.003
54,1.530,0.152,1.197,39.626,40.975,0.055,0.165,0.479,0.043,0.394,0.004
55,1.571,0.177,1.135,39.755,41.068,0.057,0.169,0.446,0.033,0.368,0.004
56,1.612,0.322,1.177,39.241,40.740,0.056,0.199,0.436,0.032,0.387,0.003
57,1.653,0.314,1.103,28.633,30.050,0.053,0.164,0.429,0.032,0.360,0.004
58,1.683,0.249,0.895,27.003,28.147,0.051,0.166,0.446,0.038,0.128,0.004
59,1.711,0.265,1.127,27.204,28.597,0.057,0.162,0.435,0.033,0.375,0.004
60,1.740,0.341,1.077,27.198,28.617,0.061,0.201,0.586,0.038,0.126,0.004
61,1.768,0.131,1.189,27.319,28.640,0.059,0.170,0.483,0.038,0.374,0.004
62,1.797,0.116,1.301,27.093,28.510,0.079,0.242,0.686,0.046,0.168,0.005
63,1.825,0.012,1.179,27.705,28.897,0.060,0.180,0.447,0.034,0.388,0.004
64,1.854,0.029,0.908,26.720,27.657,0.061,0.182,0.443,0.035,0.114,0.004
65,1.882,0.011,1.110,27.288,28.409,0.055,0.172,0.434,0.033,0.353,0.004
66,1.910,0.011,0.907,28.269,29.188,0.055,0.171,0.454,0.034,0.132,0.004
67,1.940,0.139,1.145,27.566,28.851,0.056,0.166,0.474,0.033,0.361,0.004
68,1.968,0.288,0.952,27.220,28.461,0.060,0.195,0.473,0.034,0.123,0.004
69,1.997,0.392,1.252,25.925,27.568,0.065,0.182,0.488,0.036,0.408,0.004
70,2.024,0.242,0.933,37.568,38.743,0.061,0.198,0.444,0.034,0.132,0.004
71,2.063,0.333,1.157,27.848,29.339,0.057,0.165,0.437,0.033,0.398,0.003
72,2.093,0.278,0.917,39.374,40.569,0.063,0.194,0.448,0.032,0.110,0.004
73,2.133,0.302,1.271,28.371,29.944,0.063,0.196,0.514,0.036,0.398,0.003
74,2.163,0.122,0.926,25.388,26.436,0.055,0.170,0.477,0.040,0.121,0.004
75,2.190,0.155,1.096,26.297,27.549,0.054,0.160,0.424,0.030,0.372,0.004
76,2.217,0.254,0.992,26.581,27.828,0.059,0.191,0.493,0.035,0.149,0.004
77,2.245,0.181,1.089,27.514,28.785,0.054,0.159,0.422,0.032,0.361,0.004
78,2.274,0.204,0.923,26.828,27.956,0.055,0.169,0.452,0.034,0.149,0.005
79,2.302,0.097,1.124,25.157,26.379,0.053,0.168,0.431,0.034,0.384,0.004
80,2.328,0.010,0.844,25.305,26.159,0.056,0.165,0.425,0.029,0.114,0.004
81,2.354,0.331,1.247,26.659,28.239,0.054,0.164,0.508,0.033,0.427,0.004
82,2.383,0.285,0.885,26.348,27.519,0.072,0.163,0.435,0.031,0.112,0.003
83,2.410,0.242,1.157,25.922,27.322,0.055,0.165,0.446,0.030,0.399,0.003
84,2.437,3.434,0.911,26.501,30.847,0.063,0.172,0.452,0.036,0.118,0.003
85,2.468,0.153,1.093,26.480,27.726,0.054,0.160,0.425,0.030,0.367,0.004
86,2.496,0.027,1.320,27.830,29.177,0.059,0.172,0.773,0.051,0.194,0.006
87,2.525,0.015,1.149,26.785,27.949,0.058,0.169,0.437,0.034,0.388,0.004
88,2.553,0.011,0.865,26.802,27.680,0.054,0.171,0.431,0.034,0.115,0.004
89,2.581,0.012,1.158,26.851,28.022,0.059,0.175,0.452,0.034,0.376,0.003
90,2.609,0.024,0.902,26.642,27.569,0.060,0.174,0.439,0.033,0.131,0.003
91,2.637,0.012,1.180,28.521,29.713,0.063,0.184,0.464,0.035,0.357,0.004
92,2.666,0.014,0.949,28.568,29.531,0.064,0.190,0.465,0.035,0.115,0.004
93,2.696,0.012,1.142,27.000,28.154,0.055,0.177,0.442,0.033,0.370,0.004
94,2.724,0.022,0.893,26.738,27.654,0.057,0.176,0.434,0.030,0.132,0.004
95,2.752,0.012,1.321,27.777,29.110,0.058,0.179,0.545,0.053,0.419,0.004
96,2.781,0.014,0.957,27.460,28.431,0.064,0.188,0.467,0.035,0.125,0.004
97,2.809,0.010,1.135,26.871,28.017,0.054,0.168,0.438,0.032,0.385,0.004
98,2.837,0.039,0.950,27.658,28.648,0.064,0.179,0.472,0.038,0.123,0.004
99,2.866,0.014,1.320,27.268,28.603,0.073,0.189,0.493,0.039,0.443,0.004
100,2.895,0.011,0.869,27.070,27.951,0.056,0.172,0.432,0.033,0.110,0.004
101,2.923,0.022,1.166,30.007,31.196,0.063,0.176,0.444,0.034,0.380,0.004
102,2.954,0.116,0.845,28.254,29.215,0.055,0.162,0.432,0.029,0.111,0.003
103,2.983,3.121,1.532,27.900,32.553,0.065,0.183,0.762,0.037,0.410,0.004
104,3.016,0.277,0.932,29.797,31.006,0.057,0.166,0.463,0.039,0.144,0.004
105,3.047,0.309,1.168,28.857,30.335,0.057,0.162,0.434,0.033,0.419,0.004
106,3.077,0.122,0.937,27.793,28.853,0.065,0.187,0.477,0.030,0.116,0.004
107,3.106,0.012,1.188,27.411,28.611,0.059,0.183,0.446,0.036,0.396,0.004
108,3.135,0.012,0.942,27.653,28.608,0.057,0.181,0.470,0.033,0.132,0.004
109,3.163,0.026,1.229,27.077,28.333,0.054,0.166,0.511,0.039,0.399,0.004
110,3.191,0.013,0.941,27.934,28.889,0.066,0.180,0.462,0.033,0.116,0.003
111,3.220,0.012,1.176,26.944,28.132,0.058,0.172,0.450,0.035,0.393,0.004
112,3.249,0.011,0.891,26.704,27.607,0.060,0.176,0.443,0.032,0.115,0.004
113,3.276,0.026,1.183,27.175,28.385,0.058,0.180,0.456,0.035,0.383,0.004
114,3.305,0.012,0.908,26.835,27.755,0.059,0.174,0.441,0.034,0.134,0.004
115,3.332,0.013,1.165,27.985,29.163,0.060,0.178,0.448,0.034,0.372,0.003
116,3.362,0.025,0.955,26.754,27.734,0.059,0.179,0.480,0.038,0.130,0.004
117,3.389,0.069,1.108,26.625,27.803,0.055,0.162,0.444,0.031,0.363,0.003
118,3.417,0.095,0.961,26.386,27.442,0.060,0.176,0.481,0.034,0.149,0.004
119,3.445,0.129,1.109,25.880,27.119,0.055,0.157,0.432,0.031,0.378,0.004
120,3.472,0.042,0.865,25.483,26.391,0.056,0.170,0.435,0.032,0.109,0.003
121,3.498,0.164,1.189,27.805,29.159,0.057,0.174,0.457,0.034,0.407,0.004
122,3.527,0.175,1.181,26.913,28.270,0.055,0.177,0.666,0.048,0.171,0.004
123,3.556,0.200,1.131,26.588,27.919,0.057,0.165,0.442,0.032,0.372,0.004
124,3.583,0.020,0.908,25.568,26.496,0.055,0.173,0.436,0.032,0.121,0.003
125,3.610,0.029,1.209,26.331,27.570,0.064,0.181,0.459,0.035,0.396,0.004
126,3.638,0.012,0.949,26.147,27.108,0.058,0.183,0.472,0.035,0.133,0.005
127,3.665,0.012,1.257,26.625,27.895,0.063,0.189,0.484,0.037,0.410,0.004
128,3.693,0.012,1.011,25.845,26.869,0.061,0.199,0.496,0.042,0.141,0.005
129,3.720,0.025,1.128,25.920,27.074,0.058,0.168,0.435,0.029,0.375,0.003
130,3.747,0.010,0.876,25.393,26.279,0.053,0.163,0.444,0.036,0.121,0.004
131,3.773,0.010,1.127,25.418,26.556,0.057,0.174,0.436,0.031,0.365,0.004
132,3.799,0.010,0.830,25.901,26.741,0.057,0.162,0.415,0.030,0.107,0.003
133,3.826,0.025,1.269,26.603,27.897,0.061,0.186,0.503,0.036,0.414,0.004
134,3.854,0.011,0.964,26.701,27.677,0.063,0.175,0.481,0.037,0.138,0.004
135,3.882,0.014,1.158,25.313,26.486,0.059,0.177,0.449,0.033,0.366,0.003
136,3.908,0.081,0.911,25.985,26.978,0.059,0.175,0.453,0.032,0.128,0.004
137,3.935,0.012,1.173,25.510,26.696,0.060,0.178,0.467,0.034,0.368,0.004
138,3.962,0.013,0.928,25.391,26.332,0.058,0.181,0.471,0.035,0.115,0.003
139,3.988,0.011,1.194,28.504,29.709,0.094,0.172,0.430,0.030,0.356,0.003
140,4.018,0.499,1.014,28.645,30.159,0.069,0.222,0.476,0.034,0.134,0.004
141,4.048,0.262,1.181,25.714,27.157,0.058,0.179,0.455,0.033,0.389,0.004
142,4.076,0.012,0.891,29.164,30.067,0.060,0.178,0.443,0.032,0.112,0.003
143,4.106,0.011,1.121,25.712,26.844,0.058,0.171,0.425,0.032,0.371,0.003
144,4.132,0.012,0.880,25.245,26.138,0.057,0.174,0.438,0.032,0.115,0.003
145,4.159,0.026,1.092,25.417,26.535,0.056,0.166,0.423,0.029,0.353,0.004
146,4.185,0.011,0.920,26.364,27.296,0.059,0.172,0.463,0.038,0.124,0.003
147,4.212,0.092,1.194,25.032,26.319,0.061,0.171,0.466,0.039,0.389,0.004
148,4.239,0.017,0.914,25.293,26.225,0.070,0.181,0.436,0.031,0.109,0.003
149,4.265,0.031,1.073,26.272,27.376,0.057,0.165,0.416,0.029,0.351,0.003
150,4.292,0.013,0.882,25.820,26.715,0.058,0.170,0.443,0.032,0.115,0.003
151,4.319,0.011,1.119,25.269,26.399,0.058,0.172,0.425,0.030,0.371,0.003
152,4.346,0.103,0.897,26.101,27.102,0.061,0.182,0.440,0.032,0.112,0.004
153,4.373,0.014,1.124,26.198,27.336,0.062,0.168,0.430,0.034,0.359,0.003
154,4.400,0.011,0.889,25.609,26.509,0.059,0.174,0.438,0.033,0.119,0.004
155,4.427,0.011,1.113,25.411,26.535,0.054,0.162,0.415,0.031,0.389,0.004
156,4.453,0.077,0.915,26.656,27.649,0.056,0.174,0.477,0.032,0.117,0.004
157,4.481,0.255,1.089,25.283,26.628,0.053,0.161,0.421,0.030,0.361,0.003
158,4.507,0.236,0.882,25.834,26.952,0.054,0.163,0.439,0.033,0.131,0.004
159,4.534,0.265,1.167,27.790,29.222,0.059,0.174,0.455,0.033,0.378,0.004
160,4.564,0.245,0.979,25.641,26.866,0.055,0.169,0.516,0.037,0.135,0.004
161,4.591,0.249,1.111,27.067,28.427,0.055,0.166,0.429,0.033,0.364,0.003
162,4.619,0.261,0.937,26.574,27.772,0.055,0.167,0.455,0.035,0.154,0.007
163,4.647,0.288,1.308,41.914,43.510,0.065,0.191,0.520,0.035,0.428,0.004
164,4.690,0.260,1.065,27.994,29.320,0.053,0.148,0.423,0.031,0.351,0.004
165,4.720,0.116,0.923,26.813,27.853,0.062,0.155,0.463,0.040,0.137,0.004
166,4.748,1.407,1.132,26.740,29.280,0.058,0.157,0.447,0.033,0.377,0.003
167,4.777,0.092,0.848,27.513,28.453,0.055,0.151,0.443,0.032,0.111,0.003
168,4.805,0.036,1.781,29.682,31.500,0.081,0.285,0.806,0.089,0.432,0.004
169,4.837,0.012,0.850,26.669,27.532,0.054,0.149,0.437,0.034,0.114,0.004
170,4.864,0.012,1.122,26.890,28.025,0.056,0.155,0.432,0.034,0.382,0.004
171,4.892,0.011,0.856,26.710,27.577,0.051,0.151,0.443,0.035,0.117,0.004
172,4.920,0.023,1.152,26.539,27.714,0.054,0.154,0.438,0.032,0.417,0.004
173,4.948,0.010,0.813,26.806,27.630,0.052,0.144,0.416,0.030,0.115,0.004
174,4.975,0.013,1.166,26.788,27.967,0.061,0.170,0.430,0.032,0.403,0.004
175,5.003,0.024,0.926,26.303,27.253,0.057,0.186,0.452,0.034,0.130,0.004
176,5.031,0.011,1.162,35.702,36.875,0.058,0.161,0.453,0.035,0.393,0.005
177,5.070,0.012,0.884,27.618,28.514,0.056,0.158,0.450,0.030,0.125,0.004
178,5.098,0.010,1.108,27.543,28.661,0.054,0.154,0.439,0.028,0.373,0.004
179,5.127,0.025,0.901,26.508,27.434,0.059,0.168,0.439,0.033,0.129,0.004
180,5.154,0.011,1.062,27.315,28.389,0.054,0.153,0.414,0.030,0.353,0.003
181,5.183,0.355,0.803,37.405,38.563,0.055,0.145,0.411,0.030,0.109,0.004
182,5.221,0.092,1.142,26.215,27.450,0.062,0.171,0.429,0.030,0.380,0.003
183,5.249,0.674,0.878,25.457,27.009,0.057,0.176,0.433,0.033,0.116,0.003
184,5.276,0.065,1.176,25.918,27.159,0.061,0.179,0.453,0.035,0.378,0.004
185,5.303,0.015,1.042,26.251,27.308,0.091,0.200,0.474,0.037,0.138,0.004
186,5.330,0.020,1.200,26.998,28.219,0.060,0.186,0.471,0.033,0.389,0.004
187,5.359,0.080,0.863,25.475,26.417,0.059,0.165,0.431,0.030,0.113,0.003
188,5.385,0.072,1.053,26.160,27.286,0.051,0.154,0.407,0.030,0.361,0.003
189,5.412,0.076,0.876,25.626,26.579,0.055,0.163,0.436,0.033,0.136,0.004
190,5.439,0.010,1.089,25.745,26.844,0.054,0.165,0.427,0.030,0.355,0.003
191,5.466,0.025,0.877,26.242,27.145,0.057,0.172,0.444,0.031,0.110,0.004
192,5.493,0.012,1.557,26.227,27.796,0.076,0.242,0.616,0.038,0.504,0.005
193,5.521,0.011,0.873,25.291,26.174,0.057,0.170,0.426,0.030,0.129,0.004
194,5.547,0.011,1.108,26.123,27.242,0.059,0.169,0.428,0.030,0.363,0.004
195,5.574,0.023,0.884,25.633,26.541,0.060,0.174,0.437,0.033,0.115,0.003
196,5.601,0.013,1.179,26.806,27.998,0.057,0.171,0.455,0.040,0.387,0.004
197,5.629,0.011,1.147,25.707,26.865,0.052,0.160,0.714,0.034,0.131,0.004
198,5.656,0.011,1.135,26.429,27.576,0.058,0.166,0.443,0.030,0.384,0.004
199,5.683,0.023,0.850,28.631,29.504,0.054,0.169,0.425,0.031,0.112,0.003
200,5.713,0.011,1.142,25.867,27.021,0.056,0.170,0.423,0.034,0.394,0.003
201,5.740,0.010,0.862,25.890,26.762,0.054,0.162,0.435,0.035,0.114,0.004
202,5.767,0.021,1.101,25.370,26.493,0.056,0.170,0.428,0.032,0.356,0.004
203,5.793,0.010,0.872,25.344,26.226,0.055,0.163,0.459,0.028,0.108,0.003
204,5.819,0.011,1.131,35.663,36.807,0.058,0.172,0.427,0.032,0.377,0.004
205,5.856,0.011,0.945,27.876,28.833,0.059,0.185,0.467,0.035,0.129,0.004
206,5.885,0.010,1.169,25.740,26.920,0.054,0.163,0.480,0.034,0.378,0.004
207,5.912,0.025,0.882,25.585,26.492,0.057,0.175,0.427,0.032,0.127,0.003
208,5.938,0.010,1.142,25.431,26.584,0.054,0.166,0.467,0.030,0.366,0.004
209,5.965,0.011,0.890,26.823,27.724,0.056,0.176,0.445,0.034,0.117,0.003
210,5.993,0.062,1.120,27.141,28.323,0.057,0.169,0.432,0.032,0.364,0.004
211,6.021,0.011,0.952,27.211,28.174,0.062,0.185,0.457,0.037,0.150,0.004
212,6.049,0.064,1.103,26.678,27.845,0.057,0.172,0.421,0.030,0.359,0.003
213,6.077,0.011,0.862,28.374,29.247,0.056,0.171,0.425,0.033,0.112,0.004
214,6.106,0.290,1.176,27.184,28.650,0.062,0.196,0.441,0.030,0.380,0.004
215,6.135,0.235,0.854,25.698,26.787,0.050,0.158,0.429,0.035,0.119,0.004
216,6.162,0.945,1.137,25.948,28.030,0.057,0.166,0.443,0.032,0.374,0.004
217,6.190,0.256,0.860,25.546,26.662,0.060,0.164,0.425,0.030,0.112,0.003
218,6.217,0.239,1.107,36.867,38.213,0.054,0.156,0.426,0.029,0.379,0.004
219,6.255,0.367,0.909,26.568,27.845,0.063,0.184,0.443,0.032,0.113,0.003
220,6.283,0.226,1.142,25.809,27.178,0.057,0.160,0.450,0.036,0.377,0.003
221,6.310,0.143,0.926,26.550,27.619,0.055,0.168,0.460,0.035,0.146,0.004
222,6.338,0.132,1.263,26.258,27.654,0.065,0.174,0.506,0.042,0.411,0.004
223,6.365,0.233,1.018,28.587,29.840,0.061,0.177,0.536,0.041,0.139,0.004
224,6.395,0.266,1.167,25.691,27.124,0.063,0.194,0.449,0.031,0.356,0.003
225,6.422,0.224,0.882,25.717,26.824,0.059,0.168,0.425,0.032,0.131,0.004
226,6.449,0.109,1.194,25.666,26.970,0.064,0.178,0.459,0.035,0.401,0.004
227,6.476,0.011,0.943,25.583,26.538,0.055,0.174,0.482,0.036,0.133,0.006
228,6.503,0.178,1.111,36.159,37.448,0.053,0.160,0.430,0.030,0.377,0.004
229,6.540,0.369,0.876,25.770,27.015,0.061,0.165,0.437,0.033,0.111,0.003
230,6.567,0.249,1.105,26.174,27.529,0.054,0.162,0.435,0.035,0.355,0.003
231,6.595,0.326,0.912,25.760,26.998,0.057,0.171,0.466,0.036,0.116,0.003
232,6.622,0.217,1.129,38.506,39.851,0.054,0.161,0.439,0.031,0.381,0.004
233,6.662,0.194,1.169,26.203,27.567,0.053,0.160,0.502,0.033,0.360,0.004
234,6.689,0.154,0.836,25.352,26.343,0.054,0.164,0.419,0.031,0.110,0.003
235,6.715,0.198,1.075,25.628,26.902,0.051,0.158,0.412,0.029,0.368,0.003
236,6.742,0.447,0.848,27.153,28.449,0.054,0.160,0.431,0.032,0.108,0.004
237,6.771,0.251,1.102,36.490,37.843,0.055,0.161,0.432,0.032,0.361,0.003
238,6.809,0.271,0.876,25.726,26.873,0.053,0.158,0.425,0.038,0.137,0.004
239,6.836,0.282,1.189,27.055,28.526,0.062,0.174,0.489,0.032,0.363,0.004
240,6.864,0.219,0.833,27.107,28.160,0.055,0.139,0.430,0.032,0.112,0.004
241,6.892,0.419,1.193,38.634,40.246,0.059,0.146,0.505,0.036,0.376,0.004
242,6.933,0.302,1.112,41.091,42.506,0.055,0.134,0.443,0.034,0.381,0.003
243,6.975,0.351,1.173,27.774,29.298,0.057,0.136,0.462,0.034,0.411,0.004
244,7.004,0.307,0.867,37.905,39.079,0.056,0.130,0.449,0.036,0.132,0.004
245,7.044,0.309,1.077,35.697,37.083,0.054,0.132,0.426,0.031,0.366,0.004
246,7.081,0.361,0.814,37.463,38.638,0.053,0.128,0.420,0.033,0.111,0.004
247,7.119,0.343,1.237,39.887,41.468,0.054,0.130,0.547,0.039,0.401,0.004
248,7.161,0.269,1.083,40.626,41.978,0.056,0.127,0.424,0.033,0.370,0.004
249,7.203,0.272,1.108,37.713,39.093,0.052,0.129,0.441,0.032,0.388,0.004
250,7.242,0.326,1.053,39.693,41.073,0.145,0.191,0.478,0.038,0.130,0.004
251,7.283,0.330,1.174,26.802,28.306,0.055,0.133,0.479,0.043,0.391,0.003
252,7.311,0.263,0.851,25.256,26.371,0.059,0.130,0.433,0.032,0.130,0.004
253,7.338,0.265,1.124,36.607,37.997,0.060,0.137,0.460,0.034,0.360,0.004
254,7.376,0.311,0.843,30.457,31.611,0.054,0.132,0.443,0.034,0.114,0.003
255,7.407,0.333,1.513,38.941,40.788,0.064,0.279,0.588,0.041,0.467,0.005
256,7.448,0.322,1.607,43.105,45.034,0.083,0.187,0.675,0.052,0.531,0.005
257,7.493,0.354,1.093,38.834,40.281,0.054,0.141,0.434,0.031,0.366,0.004
258,7.533,0.425,1.159,25.255,26.840,0.056,0.136,0.457,0.037,0.398,0.003
259,7.560,0.419,1.149,36.542,38.110,0.060,0.147,0.715,0.035,0.124,0.004
260,7.598,0.311,1.069,25.635,27.016,0.053,0.129,0.424,0.032,0.366,0.004
261,7.626,0.227,1.090,25.150,26.468,0.057,0.133,0.613,0.041,0.178,0.006
262,7.652,0.250,1.103,24.991,26.345,0.060,0.137,0.437,0.032,0.369,0.004
263,7.678,0.424,0.993,36.387,37.806,0.062,0.145,0.519,0.042,0.148,0.004
264,7.716,0.349,1.217,27.394,28.960,0.061,0.157,0.501,0.033,0.395,0.004
265,7.745,0.322,0.949,47.196,48.468,0.062,0.157,0.507,0.034,0.120,0.004
266,7.794,0.375,1.140,40.710,42.226,0.054,0.131,0.462,0.033,0.387,0.003
267,7.836,0.215,1.170,24.715,26.100,0.053,0.124,0.455,0.035,0.442,0.004
268,7.862,0.124,0.866,38.165,39.155,0.051,0.121,0.488,0.032,0.115,0.004
269,7.901,0.286,1.165,36.903,38.355,0.054,0.131,0.452,0.033,0.428,0.004
270,7.940,0.082,0.851,27.042,27.975,0.055,0.130,0.465,0.031,0.113,0.003
271,7.968,0.111,1.214,29.453,30.779,0.059,0.141,0.530,0.035,0.383,0.004
272,7.998,0.218,1.070,26.866,28.155,0.075,0.192,0.574,0.034,0.120,0.004
273,8.027,0.011,1.129,27.996,29.137,0.059,0.144,0.433,0.033,0.399,0.004
274,8.056,0.013,0.835,26.881,27.731,0.060,0.141,0.422,0.033,0.111,0.004
275,8.083,0.026,1.078,27.031,28.135,0.056,0.139,0.431,0.030,0.360,0.004
276,8.112,0.011,0.880,27.755,28.647,0.057,0.145,0.447,0.031,0.137,0.004
277,8.140,0.013,1.187,26.928,28.129,0.069,0.158,0.462,0.039,0.384,0.004
278,8.168,0.011,0.977,26.105,27.094,0.057,0.142,0.547,0.036,0.127,0.004
279,8.195,0.023,1.048,26.655,27.727,0.054,0.136,0.414,0.032,0.353,0.003
280,8.223,0.012,0.871,28.439,29.322,0.057,0.138,0.448,0.035,0.128,0.003
281,8.253,0.010,1.042,38.373,39.425,0.052,0.131,0.415,0.032,0.353,0.003
282,8.292,0.185,0.848,26.773,27.806,0.060,0.138,0.436,0.035,0.110,0.003
283,8.320,0.080,1.109,26.364,27.554,0.055,0.129,0.453,0.035,0.378,0.003
284,8.347,3.560,0.849,42.292,46.702,0.055,0.136,0.452,0.033,0.115,0.003
285,8.394,0.015,1.132,28.303,29.450,0.061,0.154,0.443,0.033,0.367,0.003
286,8.424,0.023,0.845,26.922,27.791,0.055,0.144,0.424,0.032,0.124,0.003
287,8.451,0.011,1.096,30.009,31.117,0.059,0.143,0.441,0.031,0.356,0.004
288,8.483,0.011,0.911,28.905,29.827,0.060,0.154,0.458,0.040,0.138,0.004
289,8.512,0.063,1.119,26.684,27.867,0.057,0.145,0.440,0.030,0.379,0.004
290,8.540,0.012,0.848,26.601,27.461,0.060,0.152,0.425,0.033,0.112,0.003
291,8.568,0.011,1.103,27.405,28.520,0.057,0.148,0.424,0.032,0.378,0.004
292,8.596,0.012,0.944,27.280,28.237,0.059,0.157,0.484,0.035,0.131,0.004
293,8.625,0.024,1.168,29.237,30.429,0.062,0.148,0.452,0.031,0.413,0.004
294,8.655,0.012,0.973,29.140,30.126,0.063,0.156,0.536,0.030,0.117,0.004
295,8.685,0.014,1.149,27.076,28.239,0.061,0.156,0.446,0.036,0.377,0.004
296,8.713,0.012,0.857,28.665,29.535,0.055,0.151,0.425,0.034,0.130,0.004
297,8.743,0.026,1.209,29.923,31.159,0.060,0.187,0.461,0.035,0.390,0.004
298,8.774,0.010,0.796,27.063,27.869,0.053,0.135,0.410,0.030,0.109,0.004
299,8.802,0.010,1.109,26.929,28.049,0.055,0.143,0.428,0.035,0.392,0.003
300,8.830,0.020,0.839,27.282,28.142,0.057,0.139,0.430,0.036,0.116,0.003
301,8.858,0.012,1.195,26.859,28.066,0.061,0.169,0.480,0.036,0.377,0.004
302,8.886,0.294,0.850,26.941,28.086,0.056,0.146,0.438,0.033,0.114,0.004
303,8.914,0.290,1.152,26.939,28.382,0.060,0.150,0.452,0.037,0.387,0.003
304,8.943,0.320,0.841,26.577,27.738,0.056,0.148,0.429,0.032,0.114,0.004
305,8.971,0.477,1.102,26.491,28.071,0.057,0.137,0.449,0.036,0.364,0.003
306,8.999,1.399,0.867,28.138,30.404,0.058,0.146,0.451,0.031,0.113,0.003
307,9.029,0.010,1.063,26.779,27.853,0.053,0.132,0.403,0.029,0.392,0.003
308,9.057,0.077,0.783,26.455,27.315,0.053,0.133,0.399,0.031,0.108,0.003
309,9.084,0.011,1.054,28.857,29.923,0.054,0.138,0.417,0.031,0.354,0.003
310,9.114,0.174,0.868,27.709,28.752,0.057,0.140,0.436,0.033,0.135,0.005
311,9.143,0.406,1.210,24.832,26.449,0.064,0.166,0.499,0.032,0.374,0.004
312,9.169,0.252,0.975,40.568,41.795,0.056,0.138,0.554,0.035,0.123,0.004
313,9.211,0.320,1.117,40.290,41.729,0.054,0.139,0.424,0.031,0.402,0.004
314,9.253,0.378,1.215,41.019,42.612,0.061,0.176,0.496,0.036,0.371,0.004
315,9.296,0.324,1.153,43.240,44.718,0.057,0.160,0.446,0.034,0.383,0.004
316,9.340,0.495,1.203,41.813,43.511,0.057,0.163,0.494,0.033,0.386,0.004
317,9.384,0.384,1.105,44.507,45.997,0.059,0.159,0.419,0.032,0.366,0.004
318,9.430,0.436,1.375,39.979,41.791,0.071,0.195,0.531,0.036,0.455,0.004
319,9.472,0.358,1.179,38.610,40.147,0.059,0.197,0.448,0.032,0.372,0.004
320,9.512,0.330,1.171,42.062,43.564,0.053,0.188,0.447,0.034,0.383,0.004
321,9.555,0.340,1.106,38.754,40.202,0.051,0.162,0.422,0.032,0.377,0.004
322,9.596,0.324,1.129,38.754,40.208,0.054,0.168,0.430,0.033,0.376,0.004
323,9.636,0.591,1.171,38.835,40.598,0.063,0.201,0.425,0.033,0.372,0.003
324,9.677,0.158,1.092,38.806,40.056,0.052,0.164,0.413,0.032,0.374,0.004
325,9.717,0.024,1.110,26.105,27.240,0.056,0.173,0.415,0.030,0.377,0.004
326,9.744,0.012,1.140,26.353,27.505,0.068,0.226,0.584,0.037,0.148,0.004
327,9.771,0.010,1.072,25.859,26.942,0.055,0.170,0.409,0.031,0.351,0.004
328,9.798,0.010,0.855,27.317,28.183,0.056,0.175,0.422,0.030,0.113,0.003
329,9.827,0.021,1.110,37.674,38.805,0.053,0.167,0.422,0.030,0.382,0.004
330,9.865,0.011,0.826,25.875,26.712,0.057,0.164,0.407,0.032,0.108,0.003
331,9.892,0.010,1.047,25.213,26.271,0.052,0.166,0.393,0.029,0.351,0.003
332,9.918,0.011,0.848,25.297,26.156,0.056,0.169,0.409,0.030,0.124,0.003
333,9.945,0.721,1.421,25.356,27.498,0.060,0.206,0.675,0.035,0.387,0.003
334,9.972,0.010,0.824,25.299,26.134,0.053,0.175,0.405,0.029,0.107,0.003
335,9.998,0.010,1.112,25.096,26.219,0.056,0.182,0.427,0.032,0.352,0.003
336,10.024,0.011,1.197,25.432,26.641,0.063,0.335,0.538,0.037,0.158,0.004
337,10.051,0.024,1.053,27.747,28.824,0.052,0.171,0.399,0.030,0.347,0.004
338,10.083,0.011,0.837,25.434,26.283,0.053,0.174,0.413,0.029,0.109,0.003
339,10.109,0.081,1.126,25.387,26.594,0.053,0.178,0.429,0.031,0.375,0.003
340,10.135,0.011,0.889,25.872,26.773,0.054,0.179,0.438,0.038,0.120,0.004
341,10.162,0.104,1.220,25.368,26.693,0.065,0.213,0.448,0.047,0.383,0.004
342,10.189,0.070,0.808,25.174,26.053,0.052,0.165,0.407,0.029,0.106,0.003
343,10.215,0.011,1.126,25.629,26.767,0.057,0.184,0.418,0.031,0.373,0.004
344,10.242,0.011,0.881,25.007,25.900,0.057,0.184,0.426,0.034,0.111,0.004
345,10.268,0.564,1.311,25.355,27.230,0.063,0.201,0.591,0.031,0.360,0.003
346,10.295,0.010,0.816,25.397,26.223,0.054,0.171,0.399,0.030,0.106,0.003
347,10.321,0.011,1.131,27.584,28.727,0.057,0.186,0.419,0.032,0.372,0.004
348,10.350,0.010,0.859,25.572,26.441,0.055,0.178,0.420,0.032,0.109,0.004
349,10.376,0.022,1.084,25.098,26.206,0.054,0.175,0.411,0.032,0.354,0.004
350,10.403,0.012,0.906,24.985,25.903,0.058,0.187,0.431,0.033,0.127,0.003
351,10.429,0.013,1.256,25.302,26.572,0.058,0.182,0.507,0.043,0.397,0.004
352,10.455,0.438,0.923,25.825,27.186,0.062,0.187,0.452,0.035,0.123,0.004
353,10.482,8.097,1.357,25.922,35.378,0.067,0.235,0.531,0.040,0.400,0.004
354,10.518,0.817,1.070,25.316,27.204,0.067,0.220,0.516,0.039,0.157,0.004
355,10.545,0.010,1.115,26.083,27.208,0.057,0.178,0.420,0.029,0.369,0.003
356,10.572,0.568,0.864,27.342,28.774,0.058,0.182,0.416,0.031,0.111,0.004
357,10.601,0.331,1.201,25.707,27.240,0.062,0.192,0.454,0.037,0.389,0.004
358,10.628,0.011,0.832,25.964,26.808,0.055,0.174,0.408,0.029,0.107,0.003
359,10.655,0.011,1.226,25.514,26.752,0.065,0.215,0.487,0.029,0.364,0.004
360,10.682,0.011,0.865,25.390,26.266,0.057,0.188,0.418,0.030,0.109,0.003
361,10.708,0.011,1.171,25.320,26.503,0.056,0.186,0.452,0.032,0.381,0.003
362,10.735,0.027,0.888,26.080,26.996,0.058,0.189,0.430,0.033,0.111,0.004
363,10.762,0.015,1.329,25.564,26.908,0.070,0.207,0.521,0.047,0.399,0.004
364,10.789,0.010,0.864,25.612,26.486,0.055,0.174,0.430,0.033,0.114,0.004
365,10.815,0.010,1.101,25.733,26.844,0.053,0.176,0.407,0.030,0.377,0.003
366,10.842,0.021,0.847,27.223,28.092,0.055,0.177,0.416,0.030,0.106,0.003
367,10.870,0.010,1.088,25.380,26.479,0.056,0.176,0.412,0.031,0.352,0.004
368,10.897,0.010,0.830,25.224,26.065,0.054,0.174,0.410,0.031,0.105,0.003
369,10.923,0.011,1.121,24.907,26.039,0.056,0.178,0.412,0.029,0.384,0.004
370,10.949,0.024,0.852,25.616,26.493,0.056,0.177,0.416,0.031,0.114,0.004
371,10.975,0.011,1.092,25.442,26.546,0.054,0.175,0.416,0.033,0.358,0.004
372,11.002,0.530,0.882,25.869,27.281,0.057,0.183,0.421,0.029,0.130,0.004
373,11.029,40.247,1.549,31.776,73.572,0.091,0.256,0.631,0.050,0.419,0.005
374,11.103,0.133,1.598,30.251,31.983,0.086,0.241,0.630,0.053,0.480,0.005
375,11.135,0.015,1.002,35.194,36.211,0.065,0.193,0.486,0.040,0.130,0.004
376,11.171,0.037,1.877,32.089,34.003,0.097,0.296,0.739,0.052,0.588,0.006
377,11.205,0.013,0.933,26.252,27.198,0.058,0.183,0.440,0.039,0.145,0.004
378,11.232,0.013,1.188,26.490,27.692,0.061,0.187,0.452,0.037,0.378,0.004
379,11.260,0.023,0.860,26.514,27.397,0.056,0.183,0.410,0.031,0.115,0.004
380,11.287,0.010,1.072,25.358,26.440,0.055,0.169,0.402,0.032,0.359,0.003
381,11.314,0.010,0.853,25.144,26.008,0.055,0.178,0.407,0.030,0.126,0.004
382,11.340,0.263,1.268,25.147,26.679,0.056,0.197,0.488,0.036,0.427,0.004
383,11.366,0.055,0.855,27.872,28.783,0.055,0.179,0.413,0.032,0.112,0.003
384,11.395,0.011,1.098,25.161,26.270,0.054,0.178,0.416,0.030,0.360,0.004
385,11.421,0.011,0.931,25.150,26.093,0.083,0.200,0.420,0.031,0.134,0.003
386,11.448,0.010,1.031,25.710,26.752,0.054,0.163,0.392,0.028,0.345,0.003
387,11.474,0.022,0.805,25.028,25.856,0.055,0.169,0.389,0.030,0.108,0.004
388,11.500,0.650,1.166,27.736,29.553,0.063,0.209,0.448,0.030,0.354,0.003
389,11.530,0.010,0.842,25.307,26.160,0.053,0.169,0.413,0.029,0.124,0.003
390,11.556,0.010,1.160,25.745,26.916,0.057,0.177,0.414,0.030,0.423,0.004
391,11.583,0.024,0.830,25.139,25.994,0.055,0.172,0.403,0.031,0.107,0.003
392,11.609,0.011,1.168,25.567,26.746,0.058,0.173,0.464,0.033,0.383,0.003
393,11.636,0.309,0.855,27.834,28.998,0.054,0.183,0.421,0.031,0.110,0.004
394,11.665,0.012,1.135,25.864,27.011,0.059,0.180,0.430,0.033,0.367,0.004
395,11.692,0.031,0.855,27.274,28.161,0.057,0.176,0.417,0.032,0.110,0.003
396,11.720,2.683,1.146,25.004,28.834,0.057,0.191,0.425,0.031,0.378,0.003
397,11.749,3.057,0.877,25.668,29.603,0.057,0.189,0.425,0.031,0.111,0.004
398,11.778,0.578,1.118,25.590,27.287,0.058,0.182,0.419,0.031,0.352,0.003
399,11.806,0.024,0.852,25.509,26.385,0.053,0.175,0.413,0.030,0.124,0.003
400,11.832,1.134,1.164,26.255,28.554,0.068,0.190,0.431,0.030,0.373,0.003
401,11.861,0.011,0.843,24.916,25.771,0.055,0.176,0.414,0.029,0.109,0.003
402,11.886,0.012,1.104,28.220,29.336,0.055,0.176,0.419,0.033,0.365,0.003
403,11.916,0.026,0.856,26.087,26.969,0.055,0.174,0.408,0.031,0.126,0.003
404,11.943,0.011,1.082,25.174,26.267,0.056,0.175,0.413,0.031,0.349,0.003
405,11.969,1.876,0.855,24.844,27.577,0.057,0.176,0.421,0.033,0.111,0.003
406,11.997,0.211,1.206,25.103,26.521,0.053,0.197,0.491,0.035,0.372,0.004
407,12.023,0.023,0.844,25.772,26.639,0.052,0.173,0.406,0.031,0.126,0.003
408,12.050,0.087,1.086,27.141,28.314,0.053,0.174,0.415,0.028,0.359,0.004
409,12.078,0.179,0.834,24.984,25.998,0.053,0.170,0.414,0.030,0.111,0.003
410,12.104,0.170,1.095,25.456,26.721,0.054,0.167,0.409,0.031,0.377,0.004
411,12.131,1.097,0.875,25.929,27.902,0.056,0.179,0.431,0.032,0.112,0.003
412,12.159,0.254,1.119,28.050,29.424,0.058,0.177,0.423,0.034,0.361,0.004
413,12.188,0.271,0.995,37.576,38.843,0.059,0.211,0.489,0.035,0.130,0.004
414,12.227,0.355,1.199,25.935,27.490,0.063,0.216,0.429,0.032,0.388,0.004
415,12.255,0.246,0.860,25.839,26.945,0.053,0.174,0.422,0.032,0.117,0.003
416,12.282,4.108,1.144,38.690,43.943,0.056,0.183,0.428,0.035,0.376,0.003
417,12.326,0.868,1.137,37.155,39.161,0.055,0.179,0.424,0.033,0.385,0.003
418,12.365,0.354,0.859,25.817,27.031,0.053,0.174,0.422,0.032,0.111,0.004
419,12.392,0.069,1.068,25.368,26.506,0.054,0.168,0.398,0.029,0.362,0.004
420,12.418,0.010,0.881,27.417,28.309,0.057,0.188,0.414,0.031,0.127,0.004
421,12.447,0.010,1.136,24.936,26.083,0.055,0.172,0.447,0.040,0.364,0.003
422,12.473,0.025,0.830,25.364,26.221,0.054,0.176,0.404,0.030,0.108,0.003
423,12.499,0.012,1.138,25.683,26.833,0.061,0.190,0.419,0.032,0.371,0.003
424,12.526,0.114,0.955,26.101,27.170,0.063,0.217,0.451,0.032,0.128,0.003
425,12.553,0.116,1.160,37.799,39.076,0.061,0.183,0.452,0.034,0.370,0.004
426,12.592,0.247,0.921,26.140,27.308,0.067,0.198,0.436,0.032,0.116,0.004
427,12.619,0.016,1.174,25.369,26.560,0.058,0.186,0.438,0.033,0.383,0.004
428,12.646,0.084,0.871,25.382,26.337,0.056,0.180,0.432,0.033,0.110,0.004
429,12.672,0.011,1.113,27.710,28.835,0.058,0.184,0.425,0.030,0.356,0.003
430,12.701,0.026,0.890,25.392,26.309,0.056,0.187,0.427,0.031,0.127,0.003
431,12.728,0.011,1.307,25.707,27.026,0.057,0.183,0.564,0.033,0.409,0.004
432,12.755,0.012,0.855,25.273,26.141,0.055,0.180,0.417,0.034,0.112,0.004
433,12.781,0.010,1.056,25.797,26.864,0.055,0.176,0.398,0.029,0.346,0.003
434,12.808,0.335,0.879,25.570,26.784,0.058,0.182,0.420,0.032,0.127,0.003
435,12.834,0.010,1.070,25.432,26.513,0.056,0.179,0.403,0.030,0.345,0.003
436,12.861,0.010,0.843,25.100,25.954,0.054,0.181,0.409,0.030,0.110,0.003
437,12.887,0.012,1.124,25.580,26.716,0.058,0.187,0.425,0.032,0.358,0.004
438,12.914,0.021,0.887,25.202,26.111,0.056,0.180,0.427,0.033,0.132,0.003
439,12.940,0.010,1.071,28.210,29.290,0.054,0.176,0.407,0.029,0.349,0.003
440,12.969,0.011,0.889,26.233,27.132,0.052,0.181,0.456,0.031,0.112,0.004
441,12.996,0.012,1.138,25.440,26.590,0.058,0.189,0.423,0.032,0.369,0.004
442,13.023,0.022,0.846,25.225,26.093,0.055,0.178,0.403,0.030,0.123,0.003
443,13.049,0.010,1.082,25.665,26.757,0.055,0.180,0.405,0.029,0.352,0.003
444,13.076,0.011,0.869,25.783,26.663,0.058,0.184,0.421,0.031,0.109,0.003
445,13.102,0.014,1.606,25.307,26.928,0.074,0.256,0.619,0.039,0.534,0.005
446,13.129,0.026,0.840,25.555,26.423,0.055,0.176,0.405,0.033,0.111,0.003
447,13.156,0.010,1.059,25.496,26.565,0.057,0.174,0.396,0.028,0.350,0.003
448,13.182,0.011,0.905,26.094,27.011,0.065,0.217,0.418,0.030,0.108,0.004
449,13.209,0.012,1.140,27.359,28.511,0.059,0.189,0.423,0.033,0.371,0.003
450,13.238,0.026,0.853,25.568,26.448,0.056,0.182,0.417,0.029,0.107,0.003
451,13.264,0.011,1.076,25.351,26.438,0.054,0.175,0.406,0.029,0.355,0.003
452,13.291,0.342,0.829,26.970,28.142,0.054,0.172,0.409,0.030,0.110,0.004
453,13.319,0.061,1.254,25.052,26.368,0.057,0.191,0.532,0.032,0.375,0.004
454,13.345,0.059,0.944,26.727,27.730,0.062,0.217,0.456,0.032,0.111,0.004
455,13.373,0.011,1.129,25.581,26.721,0.061,0.187,0.426,0.033,0.358,0.004
456,13.400,0.011,0.891,25.417,26.320,0.057,0.189,0.434,0.033,0.114,0.004
457,13.426,0.010,1.081,25.197,26.290,0.055,0.176,0.399,0.031,0.361,0.003
458,13.452,0.024,0.878,25.038,25.941,0.055,0.182,0.444,0.030,0.107,0.004
459,13.478,0.011,1.100,28.341,29.453,0.056,0.187,0.417,0.029,0.347,0.004
460,13.508,0.011,0.864,25.906,26.782,0.057,0.181,0.411,0.030,0.122,0.003
461,13.535,0.011,1.103,25.641,26.756,0.056,0.183,0.416,0.029,0.356,0.003
462,13.561,0.025,0.884,25.509,26.418,0.058,0.189,0.422,0.036,0.115,0.004
463,13.588,0.011,1.295,25.635,26.942,0.058,0.199,0.504,0.040,0.417,0.011
464,13.615,0.010,0.919,25.262,26.191,0.053,0.207,0.436,0.035,0.133,0.003
465,13.641,0.010,1.061,25.072,26.143,0.053,0.177,0.398,0.028,0.347,0.003
466,13.667,0.024,0.847,25.514,26.386,0.055,0.183,0.408,0.032,0.107,0.003
467,13.694,0.011,1.129,25.099,26.239,0.058,0.189,0.425,0.031,0.357,0.004
468,13.720,0.012,0.899,25.456,26.367,0.055,0.179,0.435,0.034,0.134,0.003
469,13.746,0.010,1.102,28.901,30.013,0.054,0.179,0.406,0.029,0.375,0.004
470,13.776,0.025,0.906,25.131,26.062,0.061,0.191,0.437,0.032,0.112,0.004
471,13.802,0.010,1.128,25.715,26.854,0.054,0.179,0.425,0.034,0.377,0.003
472,13.829,0.737,0.845,25.038,26.621,0.054,0.167,0.409,0.029,0.133,0.004
473,13.856,0.046,1.054,25.623,26.723,0.054,0.177,0.393,0.029,0.346,0.003
474,13.883,0.023,0.865,25.128,26.016,0.056,0.186,0.418,0.031,0.109,0.003
475,13.909,0.011,1.101,25.274,26.386,0.055,0.179,0.412,0.030,0.365,0.003
476,13.935,0.011,0.842,25.585,26.438,0.056,0.175,0.412,0.032,0.110,0.003
477,13.962,0.009,1.073,25.131,26.214,0.054,0.178,0.407,0.030,0.349,0.003
478,13.988,0.010,0.899,24.948,25.858,0.052,0.226,0.422,0.030,0.110,0.004
479,14.014,0.023,1.095,28.688,29.807,0.056,0.179,0.407,0.028,0.368,0.004
480,14.043,0.441,0.841,25.614,26.896,0.053,0.170,0.417,0.031,0.115,0.003
481,14.070,0.061,1.283,28.694,30.039,0.065,0.230,0.504,0.035,0.375,0.004
482,14.100,0.393,1.121,30.424,31.938,0.066,0.226,0.548,0.043,0.171,0.005
483,14.132,0.010,1.125,25.432,26.568,0.056,0.184,0.412,0.029,0.381,0.004
484,14.159,0.021,0.879,25.080,25.981,0.057,0.189,0.426,0.030,0.110,0.004
485,14.185,0.012,1.106,25.152,26.270,0.055,0.186,0.418,0.032,0.353,0.004
486,14.211,0.024,0.876,26.049,26.949,0.056,0.182,0.416,0.032,0.129,0.003
487,14.238,0.163,1.636,27.323,29.122,0.098,0.255,0.649,0.048,0.510,0.004
488,14.267,0.111,1.004,29.139,30.254,0.064,0.219,0.493,0.033,0.126,0.004
489,14.298,0.014,1.177,25.083,26.274,0.080,0.188,0.439,0.030,0.366,0.004
490,14.324,0.033,0.895,25.977,26.905,0.057,0.182,0.425,0.033,0.135,0.004
491,14.351,0.010,1.112,25.426,26.549,0.056,0.175,0.411,0.034,0.379,0.003
492,14.377,0.011,0.873,25.566,26.451,0.055,0.183,0.428,0.030,0.115,0.004
493,14.404,0.011,1.110,25.694,26.815,0.055,0.180,0.408,0.030,0.378,0.004
494,14.431,0.026,0.865,25.314,26.206,0.054,0.183,0.426,0.031,0.109,0.003
495,14.457,0.011,1.123,25.136,26.271,0.057,0.189,0.423,0.030,0.363,0.003
496,14.483,0.059,0.854,25.214,26.129,0.055,0.176,0.422,0.030,0.115,0.004
497,14.509,0.011,1.102,25.286,26.399,0.055,0.177,0.406,0.028,0.379,0.004
498,14.536,0.022,0.839,28.050,28.912,0.054,0.179,0.410,0.030,0.107,0.003
499,14.565,0.011,1.140,25.165,26.316,0.053,0.230,0.410,0.029,0.358,0.003
500,14.591,0.011,0.844,25.263,26.118,0.056,0.179,0.416,0.030,0.105,0.003
501,14.617,0.275,1.241,25.426,26.943,0.056,0.188,0.526,0.031,0.379,0.004
502,14.644,0.321,0.900,25.260,26.482,0.056,0.187,0.441,0.032,0.123,0.004
503,14.671,0.298,1.198,25.927,27.423,0.067,0.217,0.458,0.033,0.355,0.003
504,14.698,0.445,1.056,25.517,27.018,0.065,0.233,0.508,0.036,0.134,0.004
505,14.725,0.249,1.108,25.091,26.449,0.056,0.182,0.408,0.031,0.371,0.004
506,14.752,2.169,1.079,25.605,28.854,0.057,0.177,0.610,0.034,0.142,0.005
507,14.780,0.010,1.063,26.623,27.696,0.054,0.173,0.401,0.029,0.353,0.003
508,14.808,0.313,0.844,30.075,31.233,0.053,0.175,0.407,0.030,0.128,0.004
509,14.839,0.011,1.103,26.749,27.863,0.055,0.186,0.415,0.031,0.351,0.003
510,14.867,0.024,0.853,25.157,26.034,0.054,0.186,0.410,0.031,0.110,0.003
511,14.893,0.831,1.205,25.255,27.291,0.055,0.178,0.482,0.043,0.389,0.004
512,14.921,0.046,0.873,25.753,26.673,0.060,0.180,0.418,0.030,0.129,0.004
513,14.947,0.313,1.149,25.690,27.152,0.063,0.211,0.426,0.029,0.364,0.004
514,14.974,0.022,0.864,25.416,26.303,0.055,0.191,0.416,0.031,0.110,0.003
515,15.001,0.012,1.111,25.791,26.915,0.057,0.188,0.407,0.029,0.372,0.003
516,15.028,0.010,0.869,25.380,26.259,0.061,0.192,0.419,0.030,0.108,0.003
517,15.054,0.350,1.089,25.145,26.585,0.056,0.178,0.415,0.032,0.355,0.004
518,15.084,0.074,0.851,32.161,33.087,0.054,0.188,0.410,0.029,0.108,0.004
519,15.117,0.013,1.240,30.768,32.022,0.060,0.206,0.468,0.038,0.387,0.004
520,15.149,0.014,1.039,25.729,26.782,0.060,0.204,0.517,0.043,0.139,0.005
521,15.176,0.011,1.260,26.970,28.242,0.059,0.198,0.504,0.037,0.395,0.004
522,15.205,0.033,0.936,25.800,26.769,0.062,0.204,0.437,0.031,0.128,0.005
523,15.231,0.011,1.123,25.635,26.769,0.056,0.195,0.416,0.032,0.360,0.004
524,15.258,0.011,0.877,25.357,26.246,0.055,0.198,0.419,0.031,0.110,0.003
525,15.308,0.287,1.445,27.614,29.347,0.056,0.195,0.714,0.033,0.389,0.004
526,15.337,0.774,0.915,26.721,28.411,0.058,0.207,0.435,0.034,0.110,0.004
527,15.365,0.014,1.216,27.067,28.298,0.069,0.231,0.436,0.036,0.359,0.004
528,15.394,0.500,0.894,26.924,28.319,0.056,0.198,0.429,0.032,0.119,0.004
529,15.422,0.010,1.148,27.832,28.990,0.057,0.198,0.415,0.032,0.386,0.003
530,15.451,0.126,0.922,29.280,30.329,0.058,0.195,0.468,0.032,0.113,0.004
531,15.481,0.354,1.196,37.023,38.575,0.063,0.189,0.425,0.031,0.377,0.004
532,15.520,2.327,1.013,38.901,42.242,0.093,0.207,0.456,0.036,0.146,0.004
533,15.562,0.325,1.168,40.551,42.043,0.056,0.197,0.435,0.033,0.376,0.003
534,15.604,0.295,1.295,37.402,38.993,0.100,0.240,0.467,0.032,0.384,0.003
535,15.643,0.143,0.855,36.684,37.682,0.053,0.185,0.414,0.033,0.111,0.003
536,15.681,0.292,1.097,27.137,28.526,0.053,0.181,0.408,0.032,0.362,0.004
537,15.710,0.251,0.888,41.030,42.169,0.056,0.187,0.421,0.032,0.129,0.004
538,15.752,0.400,1.195,37.292,38.887,0.065,0.231,0.427,0.032,0.365,0.004
539,15.791,0.331,0.877,25.545,26.754,0.056,0.186,0.417,0.032,0.116,0.004
540,15.817,0.247,1.239,25.446,26.933,0.053,0.184,0.532,0.032,0.375,0.004
541,15.844,0.326,0.839,35.977,37.143,0.053,0.180,0.407,0.031,0.108,0.003
542,15.882,0.347,1.123,25.576,27.046,0.053,0.184,0.427,0.032,0.363,0.003
543,15.909,0.249,1.055,35.485,36.790,0.053,0.181,0.588,0.032,0.139,0.003
544,15.945,0.328,1.279,35.877,37.485,0.059,0.224,0.477,0.035,0.416,0.003
545,15.983,0.295,0.852,43.842,44.990,0.054,0.178,0.415,0.033,0.108,0.003
546,16.028,0.315,1.237,37.156,38.709,0.060,0.219,0.490,0.033,0.370,0.004
547,16.067,0.086,0.855,25.776,26.717,0.054,0.184,0.412,0.033,0.113,0.003
548,16.093,0.068,1.083,37.282,38.434,0.055,0.175,0.404,0.031,0.363,0.004
549,16.132,0.152,0.875,25.532,26.559,0.055,0.186,0.412,0.034,0.131,0.004
550,16.158,0.011,1.096,25.492,26.600,0.055,0.189,0.402,0.031,0.358,0.003
551,16.185,0.027,0.838,25.666,26.531,0.056,0.184,0.404,0.030,0.108,0.003
552,16.212,0.010,1.076,25.406,26.492,0.053,0.181,0.385,0.029,0.376,0.003
553,16.238,0.010,0.838,25.382,26.231,0.055,0.188,0.401,0.029,0.107,0.003
554,16.264,0.011,1.128,28.587,29.727,0.061,0.208,0.407,0.029,0.360,0.004
555,16.294,0.023,0.827,24.946,25.796,0.055,0.178,0.396,0.031,0.109,0.004
556,16.320,0.072,1.092,24.943,26.107,0.053,0.184,0.403,0.029,0.370,0.003
557,16.346,0.011,0.833,25.515,26.360,0.056,0.185,0.399,0.029,0.107,0.003
558,16.372,0.303,1.123,25.396,26.822,0.059,0.188,0.417,0.033,0.366,0.004
559,16.399,0.314,1.001,25.016,26.332,0.061,0.225,0.489,0.035,0.130,0.004
560,16.426,0.300,1.084,25.938,27.323,0.054,0.183,0.398,0.031,0.369,0.004
561,16.453,0.322,1.030,25.564,26.917,0.061,0.222,0.546,0.031,0.110,0.003
562,16.480,0.345,1.221,25.739,27.305,0.064,0.230,0.473,0.033,0.361,0.004
563,16.507,0.306,0.857,25.288,26.452,0.054,0.186,0.402,0.030,0.128,0.004
564,16.534,0.010,1.093,28.939,30.043,0.056,0.189,0.400,0.029,0.361,0.004
565,16.564,0.267,0.837,25.377,26.481,0.052,0.182,0.408,0.031,0.109,0.004
566,16.590,0.010,1.078,25.570,26.659,0.056,0.185,0.394,0.030,0.356,0.004
567,16.617,0.103,0.863,25.695,26.662,0.053,0.186,0.402,0.031,0.127,0.003
568,16.644,0.076,1.103,25.264,26.443,0.056,0.184,0.414,0.031,0.364,0.003
569,16.670,0.010,0.843,25.612,26.466,0.053,0.180,0.401,0.036,0.117,0.004
570,16.696,0.191,1.215,25.770,27.176,0.062,0.230,0.466,0.034,0.360,0.006
571,16.724,0.125,0.855,25.273,26.254,0.053,0.180,0.413,0.028,0.126,0.004
572,16.750,0.195,1.069,25.357,26.622,0.053,0.178,0.399,0.030,0.355,0.004
573,16.777,0.227,0.866,25.535,26.628,0.056,0.187,0.417,0.032,0.111,0.003
574,16.803,0.428,1.129,28.288,29.846,0.054,0.187,0.424,0.031,0.373,0.003
575,16.833,0.439,0.841,25.409,26.690,0.054,0.179,0.407,0.031,0.111,0.004
576,16.860,0.250,1.117,24.877,26.245,0.053,0.180,0.435,0.032,0.357,0.004
577,16.886,0.207,0.878,35.012,36.097,0.056,0.181,0.431,0.032,0.111,0.004
578,16.922,0.244,1.142,36.095,37.481,0.053,0.181,0.407,0.032,0.406,0.003
579,16.960,0.318,0.866,25.695,26.880,0.052,0.186,0.414,0.032,0.114,0.003
580,16.987,3.173,1.167,25.743,30.084,0.058,0.191,0.450,0.033,0.371,0.004
581,17.017,0.831,0.895,36.978,38.705,0.055,0.185,0.432,0.032,0.138,0.003
582,17.055,0.078,1.098,29.428,30.603,0.055,0.185,0.406,0.031,0.366,0.003
583,17.086,0.349,0.851,25.404,26.604,0.058,0.181,0.412,0.031,0.115,0.003
584,17.113,0.010,1.154,25.234,26.399,0.057,0.196,0.418,0.031,0.386,0.004
585,17.139,0.010,0.845,26.382,27.238,0.055,0.186,0.405,0.031,0.113,0.004
586,17.166,0.011,1.143,25.428,26.582,0.054,0.193,0.425,0.032,0.378,0.004
587,17.193,0.306,0.855,25.157,26.318,0.055,0.186,0.414,0.031,0.115,0.003
588,17.219,0.010,1.156,25.482,26.649,0.058,0.184,0.409,0.052,0.397,0.004
589,17.246,0.383,0.972,25.702,27.057,0.060,0.213,0.472,0.037,0.133,0.004
590,17.273,0.208,1.094,25.536,26.839,0.055,0.180,0.400,0.029,0.371,0.003
591,17.300,0.235,0.862,25.132,26.230,0.053,0.184,0.419,0.030,0.117,0.003
592,17.326,0.214,1.114,28.980,30.308,0.055,0.183,0.408,0.030,0.384,0.003
593,17.356,0.118,0.842,25.151,26.111,0.053,0.180,0.407,0.031,0.114,0.004
594,17.382,0.202,1.234,24.946,26.382,0.062,0.219,0.472,0.035,0.383,0.003
595,17.409,0.277,0.966,35.269,36.513,0.062,0.225,0.447,0.031,0.135,0.004
596,17.445,0.285,1.115,25.413,26.814,0.053,0.182,0.416,0.032,0.369,0.004
597,17.472,0.287,0.908,35.872,37.068,0.062,0.223,0.414,0.032,0.110,0.004
598,17.509,0.238,1.097,35.623,36.959,0.053,0.179,0.394,0.032,0.379,0.003
599,17.546,0.212,0.850,26.053,27.115,0.053,0.181,0.411,0.031,0.113,0.004
600,17.573,0.378,1.148,25.573,27.100,0.061,0.204,0.418,0.032,0.365,0.003
601,17.601,0.267,0.909,28.617,29.793,0.054,0.183,0.438,0.039,0.133,0.004
602,17.630,0.430,1.169,35.658,37.258,0.062,0.224,0.418,0.032,0.362,0.003
603,17.668,0.292,0.845,36.133,37.271,0.052,0.179,0.405,0.032,0.114,0.004
604,17.705,0.295,1.242,37.399,38.936,0.093,0.204,0.451,0.034,0.390,0.004
605,17.744,0.301,0.839,37.063,38.204,0.052,0.176,0.402,0.031,0.115,0.004
606,17.782,0.380,1.154,38.110,39.645,0.057,0.187,0.435,0.033,0.372,0.003
607,17.822,0.309,1.122,37.162,38.594,0.062,0.178,0.403,0.032,0.384,0.003
608,17.860,0.477,0.898,40.129,41.505,0.056,0.192,0.434,0.033,0.115,0.004
609,17.902,0.324,1.151,37.875,39.350,0.053,0.187,0.416,0.033,0.395,0.004
610,17.941,0.418,1.076,36.958,38.453,0.064,0.227,0.532,0.037,0.138,0.005
611,17.980,0.359,1.244,37.106,38.709,0.064,0.222,0.484,0.033,0.370,0.004
612,18.018,0.313,0.936,37.404,38.653,0.057,0.193,0.445,0.035,0.138,0.003
613,18.057,0.319,1.113,25.437,26.870,0.053,0.182,0.414,0.033,0.367,0.004
614,18.084,0.274,0.971,38.069,39.314,0.061,0.222,0.473,0.031,0.117,0.004
615,18.123,0.152,1.165,29.970,31.287,0.058,0.193,0.424,0.033,0.395,0.004
616,18.155,0.266,0.860,25.844,26.969,0.053,0.179,0.417,0.032,0.116,0.004
617,18.182,0.239,1.338,36.565,38.143,0.054,0.183,0.574,0.035,0.428,0.004
618,18.220,1.872,0.900,36.276,39.049,0.056,0.190,0.420,0.034,0.130,0.004
619,18.259,0.297,1.092,41.233,42.622,0.052,0.179,0.409,0.032,0.357,0.003
620,18.301,0.311,1.092,35.681,37.084,0.051,0.179,0.393,0.032,0.376,0.004
621,18.339,0.346,0.848,37.303,38.498,0.054,0.179,0.404,0.033,0.114,0.003
622,18.377,0.295,1.107,51.341,52.744,0.051,0.179,0.412,0.033,0.367,0.004
623,18.430,0.282,1.136,37.211,38.629,0.052,0.185,0.414,0.037,0.383,0.004
624,18.469,0.786,0.941,35.489,37.216,0.063,0.223,0.437,0.033,0.113,0.004
